name,symbol,sector,ref_ltp,w52_high,w52_low,market_cap_cr,ref_volume,ref_avg_vol_20d
360ONE,NSE:360ONE,Financial Services,1104.1,1273.8,790.5,43444.483192,1253674.0,758061.333333333
3MINDIA,NSE:3MINDIA,Diversified,37315.0,38030.0,25718.15,42035.57139,7761.0,5416.80952380952
ABB,NSE:ABB,Capital Goods,6080.0,6260.0,4637.5,128840.2464,602254.0,508648.428571428
ACC,NSE:ACC,Construction Materials,1590.6,2119.9,1585.1,29894.9991555,173456.0,127199.619047619
ACMESOLAR,NSE:ACMESOLAR,Power,235.05,324.3,172.63,14227.4967677,550867.0,703227.714285714
AIAENG,NSE:AIAENG,Capital Goods,3817.0,4206.1,3001.1,35543.079528,19252.0,50320.7142857142
APLAPOLLO,NSE:APLAPOLLO,Capital Goods,2232.0,2301.4,1365.0,61968.3552,1301696.0,896155.857142857
AUBANK,NSE:AUBANK,Financial Services,953.0,1039.2,478.35,71369.3661145,22827452.0,3620617.38095238
AWL,NSE:AWL,Fast Moving Consumer Goods,189.9,291.2,188.08,24476.0103,1183715.0,1631340.61904761
AADHARHFC,NSE:AADHARHFC,Financial Services,464.95,547.8,367.1,20206.378818,697682.0,511514.285714285
AARTIIND,NSE:AARTIIND,Chemicals,446.45,495.0,338.05,16222.76105,517682.0,1771332.04761904
AAVAS,NSE:AAVAS,Financial Services,1291.0,2234.0,1247.0,10199.685563,176841.0,244687.952380952
ABBOTINDIA,NSE:ABBOTINDIA,Healthcare,26540.0,37000.0,26075.0,56341.5928687,7169.0,7388.95238095238
ACE,NSE:ACE,Capital Goods,882.4,1389.0,775.45,10502.0074265,96511.0,199474.285714285
ADANIENSOL,NSE:ADANIENSOL,Power,1009.0,1067.7,639.45,121209.3538,702337.0,1459475.33333333
ADANIENT,NSE:ADANIENT,Metals & Mining,2157.0,2612.76,1848.0,249886.7662763,1433096.0,1539273.33333333
ADANIGREEN,NSE:ADANIGREEN,Power,944.0,1177.55,758.0,153831.8927204,1156653.0,2594591.04761904
ADANIPORTS,NSE:ADANIPORTS,Services,1519.9,1584.0,1036.5,328673.1694988,1596106.0,2708846.85714285
ADANIPOWER,NSE:ADANIPOWER,Power,140.0,182.7,92.4,54035.717744,8054854.0,19347936.2380952
ATGL,NSE:ATGL,Oil Gas & Consumable Fuels,511.4,798.0,507.05,56244.2827287,208796.0,407012.095238095
ABCAPITAL,NSE:ABCAPITAL,Financial Services,340.4,369.3,149.85,89711.1408,103307555.0,11470296.0
ABFRL,NSE:ABFRL,Consumer Services,66.89,98.76,59.8,8147.3287766,1645884.0,4977985.76190476
ABLBL,NSE:ABLBL,Consumer Services,101.65,175.0,100.86,12391.2744248,489273.0,1166387.42857142
ABREL,NSE:ABREL,Forest Materials,1295.4,2537.9,1186.0,14319.9347998,348193.0,269862.047619047
ABSLAMC,NSE:ABSLAMC,Financial Services,883.5,934.6,556.45,25514.20776,209734.0,399873.714285714
AEGISLOG,NSE:AEGISLOG,Oil Gas & Consumable Fuels,686.0,946.5,639.1,24164.6,257350.0,1010896.04761904
AEGISVOPAK,NSE:AEGISVOPAK,Oil Gas & Consumable Fuels,230.0,302.0,198.0,25358.8341536,436751.0,1477907.14285714
AFCONS,NSE:AFCONS,Construction,290.55,498.7,288.1,10740.49292,1392385.0,459369.19047619
AFFLE,NSE:AFFLE,Information Technology,1374.0,2185.9,1246.0,19422.13625,788986.0,258830.761904761
AJANTPHARM,NSE:AJANTPHARM,Healthcare,2977.0,3054.0,2327.3,37404.48,135776.0,111376.238095238
AKUMS,NSE:AKUMS,Healthcare,490.4,622.95,405.0,7508.1219865,139586.0,331242.809523809
AKZOINDIA,NSE:AKZOINDIA,Consumer Durables,2977.1,3915.5,2658.7,13367.45,283562.0,40520.1428571428
APLLTD,NSE:APLLTD,Healthcare,714.0,1107.9,705.0,14034.60534,114860.0,61812.3333333333
ALKEM,NSE:ALKEM,Healthcare,5614.0,5933.5,4491.65,67123.791,131566.0,144122.857142857
ALKYLAMINE,NSE:ALKYLAMINE,Chemicals,1491.0,2438.8,1474.0,7591.312,36822.0,35697.7142857142
ALOKINDS,NSE:ALOKINDS,Textiles,14.33,23.5,14.0,7115.1888821,3414914.0,5411757.9047619
ARE&M,NSE:ARE&M,Automobile and Auto Components,847.4,1109.0,810.1,15464.73,213318.0,326177.142857142
AMBER,NSE:AMBER,Consumer Durables,7970.0,8626.0,5400.5,28047.75302,272476.0,409122.666666666
AMBUJACEM,NSE:AMBUJACEM,Construction Materials,499.95,624.95,455.0,109993.0535762,2428507.0,1835177.42857142
ANANDRATHI,NSE:ANANDRATHI,Financial Services,3060.5,3321.4,1594.0,25536.32,262040.0,159903.142857142
ANANTRAJ,NSE:ANANTRAJ,Realty,529.5,743.65,376.15,18240.1141375,1633800.0,4093588.0
ANGELONE,NSE:ANGELONE,Financial Services,232.9,328.5,194.1,2109.3986076,8282159.0,1635123.28571428
APARINDS,NSE:APARINDS,Capital Goods,11110.0,11648.0,4308.05,44926.1814447,447170.0,167080.0
APOLLOHOSP,NSE:APOLLOHOSP,Healthcare,7818.0,8099.5,6001.0,112480.7672175,698131.0,452957.38095238
APOLLOTYRE,NSE:APOLLOTYRE,Automobile and Auto Components,453.7,540.5,370.9,28819.3495925,992981.0,1154177.42857142
APTUS,NSE:APTUS,Financial Services,244.5,364.0,234.4,12242.91207,659563.0,1524505.14285714
ASAHIINDIA,NSE:ASAHIINDIA,Automobile and Auto Components,890.7,1074.0,576.8,22085.9343002,247826.0,71574.2857142857
ASHOKLEY,NSE:ASHOKLEY,Capital Goods,211.8,215.42,95.93,123979.8146546,13962660.0,16085259.2857142
ASIANPAINT,NSE:ASIANPAINT,Consumer Durables,2375.2,2985.7,2124.75,227725.6137875,2531619.0,1140736.57142857
ASTERDM,NSE:ASTERDM,Healthcare,656.0,732.2,387.1,33911.02784,630633.0,863917.380952381
ASTRAZEN,NSE:ASTRAZEN,Healthcare,8860.0,10691.0,6620.1,22122.5,3340.0,6943.80952380952
ASTRAL,NSE:ASTRAL,Capital Goods,1670.0,1693.9,1232.3,44758.8836171,730263.0,680315.761904761
ATHERENERG,NSE:ATHERENERG,Automobile and Auto Components,710.1,790.0,288.15,27180.2515959,1409206.0,1789171.95238095
ATUL,NSE:ATUL,Chemicals,6635.0,7788.0,4752.0,19534.601125,38087.0,27701.0476190476
AUROPHARMA,NSE:AUROPHARMA,Healthcare,1220.0,1278.6,1010.0,70881.03,1781292.0,2536777.09523809
AIIL,NSE:AIIL,Financial Services,481.55,829.68,331.38,40894.4481003,991650.0,341905.904761904
DMART,NSE:DMART,Consumer Services,3855.0,4949.5,3340.0,250134.16227,478983.0,339704.238095238
AXISBANK,NSE:AXISBANK,Financial Services,1384.0,1418.3,992.0,429069.7425652,5840317.0,6059105.76190476
BASF,NSE:BASF,Chemicals,3465.0,5424.0,3421.0,14936.2583097,22699.0,21805.8095238095
BEML,NSE:BEML,Capital Goods,1679.0,2437.4,1175.0,13984.221421,266816.0,305378.714285714
BLS,NSE:BLS,Consumer Services,279.0,428.6,245.95,11478.6541522,1412992.0,5718359.33333333
BSE,NSE:BSE,Financial Services,2709.9,3227.0,1227.33,110259.9,4830334.0,5534271.71428571
BAJAJ-AUTO,NSE:BAJAJ-AUTO,Automobile and Auto Components,9955.5,10187.0,7089.35,278003.853075,231926.0,257508.619047619
BAJFINANCE,NSE:BAJFINANCE,Financial Services,996.75,1102.5,821.13,61902.71951,8145772.0,8663733.61904762
BAJAJFINSV,NSE:BAJAJFINSV,Financial Services,1994.6,2195.0,1733.0,318078.3530659,1323479.0,828731.380952381
BAJAJHLDNG,NSE:BAJAJHLDNG,Financial Services,10802.0,14763.0,10400.0,120241.5,83861.0,69565.1904761904
BAJAJHFL,NSE:BAJAJHFL,Financial Services,87.25,136.96,86.67,72528.0856467,3740441.0,5306970.71428571
BALKRISIND,NSE:BALKRISIND,Automobile and Auto Components,2377.0,2817.5,2152.05,45951.49844,169884.0,325468.714285714
BALRAMCHIN,NSE:BALRAMCHIN,Fast Moving Consumer Goods,469.75,627.8,393.55,9489.4087453,473110.0,361691.619047619
BANDHANBNK,NSE:BANDHANBNK,Financial Services,181.85,192.48,134.06,29324.7112128,23573525.0,10850104.9047619
BANKBARODA,NSE:BANKBARODA,Financial Services,320.8,325.5,190.7,166345.7617795,14686416.0,10481498.8571428
BANKINDIA,NSE:BANKINDIA,Financial Services,176.3,178.36,92.66,80231.6114104,6371509.0,11002324.7142857
MAHABANK,NSE:MAHABANK,Financial Services,74.6,77.0,42.0,57560.0979265,31733355.0,21867532.3809523
BATAINDIA,NSE:BATAINDIA,Consumer Durables,789.5,1343.85,786.7,10147.246125,111543.0,207849.619047619
BAYERCROP,NSE:BAYERCROP,Chemicals,4685.0,6511.0,4273.0,21055.369165,10022.0,23574.1904761904
BERGEPAINT,NSE:BERGEPAINT,Consumer Durables,456.0,605.0,448.75,53164.7664,1000790.0,530032.0
BDL,NSE:BDL,Capital Goods,1264.3,2096.6,907.0,46344.4986648,828133.0,1619131.38095238
BEL,NSE:BEL,Capital Goods,442.1,461.65,243.5,324883.092133,22732811.0,16060288.4761904
BHARATFORG,NSE:BHARATFORG,Automobile and Auto Components,1909.5,1926.3,919.1,91372.3,1401713.0,2099904.04761904
BHEL,NSE:BHEL,Capital Goods,264.0,305.9,176.0,92172.4634841,8367571.0,16544232.8095238
BPCL,NSE:BPCL,Oil Gas & Consumable Fuels,384.7,391.65,234.01,167206.0,9020770.0,6656024.14285714
BHARTIARTL,NSE:BHARTIARTL,Telecommunication,1882.0,2174.5,1559.5,1126370.824725,13754648.0,7231445.80952381
BHARTIHEXA,NSE:BHARTIHEXA,Telecommunication,1602.0,2052.9,1234.0,80092.5477119,283709.0,167208.523809523
BIKAJI,NSE:BIKAJI,Fast Moving Consumer Goods,637.0,818.7,600.0,15962.75499,161268.0,135461.047619047
BIOCON,NSE:BIOCON,Healthcare,389.75,424.95,291.0,46701.79375,4394250.0,3249668.14285714
BSOFT,NSE:BSOFT,Information Technology,388.0,474.0,331.0,10758.6070783,2915850.0,2558821.0
BLUEDART,NSE:BLUEDART,Services,5678.0,7225.0,5190.5,13472.724332,10866.0,13297.3333333333
BLUEJET,NSE:BLUEJET,Healthcare,405.95,1027.8,352.55,7035.9516,584028.0,1177321.71428571
BLUESTARCO,NSE:BLUESTARCO,Consumer Durables,1936.0,2269.8,1521.0,39802.37888,256347.0,522923.0
BBTC,NSE:BBTC,Fast Moving Consumer Goods,1690.0,2155.0,1607.05,11820.76,39953.0,36280.1904761904
BOSCHLTD,NSE:BOSCHLTD,Automobile and Auto Components,36400.0,41945.0,25921.6,107442.1536681,32321.0,20699.8095238095
FIRSTCRY,NSE:FIRSTCRY,Consumer Services,216.1,438.7,207.05,10420.6785946,1762314.0,4820909.33333333
BRIGADE,NSE:BRIGADE,Realty,700.0,1332.0,685.0,16976.01,1214924.0,364745.38095238
BRITANNIA,NSE:BRITANNIA,Fast Moving Consumer Goods,6000.0,6336.0,4506.0,144392.970665,350612.0,307156.666666666
MAPMYINDIA,NSE:MAPMYINDIA,Information Technology,1035.0,2166.7,1020.2,5662.3167728,109929.0,193670.952380952
CCL,NSE:CCL,Fast Moving Consumer Goods,1011.95,1074.4,525.0,13518.93,149271.0,446836.047619047
CESC,NSE:CESC,Power,158.0,185.26,126.78,20944.006,1409632.0,1659888.8095238
CGPOWER,NSE:CGPOWER,Capital Goods,724.6,797.55,517.7,114117.829835,2608297.0,3261319.52380952
CRISIL,NSE:CRISIL,Financial Services,4365.0,6139.0,3973.6,31921.25373,33916.0,44730.8095238095
CAMPUS,NSE:CAMPUS,Consumer Durables,261.45,304.4,210.0,7989.734587,193341.0,541158.476190476
CANFINHOME,NSE:CANFINHOME,Financial Services,848.0,971.5,563.85,11272.0782958,296773.0,192863.904761904
CANBK,NSE:CANBK,Financial Services,157.55,162.89,78.6,142742.7659283,23377836.0,26797486.5238095
CAPLIPOINT,NSE:CAPLIPOINT,Healthcare,1687.6,2395.0,1599.0,12911.9784279,27815.0,68577.3333333333
CGCL,NSE:CGCL,Financial Services,157.62,231.35,150.51,13261.09344,2680252.0,844548.0
CARBORUNIV,NSE:CARBORUNIV,Capital Goods,830.0,1128.05,748.5,15808.5535,281254.0,251203.857142857
CASTROLIND,NSE:CASTROLIND,Oil Gas & Consumable Fuels,187.09,251.95,180.66,18505.4887484,981088.0,1784719.71428571
CEATLTD,NSE:CEATLTD,Automobile and Auto Components,3523.9,4438.0,2343.05,14279.978394,192119.0,113134.571428571
CENTRALBK,NSE:CENTRALBK,Financial Services,40.04,47.3,32.75,36268.4417529,13409556.0,9534590.47619047
CDSL,NSE:CDSL,Financial Services,1272.0,1828.9,1047.45,26584.8,1682338.0,1867524.42857142
CENTURYPLY,NSE:CENTURYPLY,Consumer Durables,737.95,859.0,650.0,16330.83,205700.0,124950.952380952
CERA,NSE:CERA,Consumer Durables,4910.0,7275.0,4796.5,6299.935,10399.0,14708.619047619
CHALET,NSE:CHALET,Consumer Services,811.4,1082.0,695.0,17768.3704086,105208.0,104681.047619047
CHAMBLFERT,NSE:CHAMBLFERT,Chemicals,457.95,742.2,410.2,18347.8725675,569462.0,898960.666666666
CHENNPETRO,NSE:CHENNPETRO,Oil Gas & Consumable Fuels,960.6,1103.0,433.1,14344.86726,4267261.0,1071922.38095238
CHOICEIN,NSE:CHOICEIN,Financial Services,739.0,860.5,438.45,14728.31031,315628.0,626409.952380952
CHOLAHLDNG,NSE:CHOLAHLDNG,Financial Services,1631.0,2231.6,1357.35,30626.49394,259807.0,158735.238095238
CHOLAFIN,NSE:CHOLAFIN,Financial Services,1730.5,1831.5,1358.65,147412.53867,1844360.0,1724826.33333333
CIPLA,NSE:CIPLA,Healthcare,1346.0,1673.0,1281.7,108972.2342886,2609711.0,1614166.61904761
CUB,NSE:CUB,Financial Services,282.1,324.1,142.91,21060.2066295,1956492.0,1811868.85714285
CLEAN,NSE:CLEAN,Chemicals,735.0,1600.0,707.0,7812.7657425,470362.0,390334.619047619
COALINDIA,NSE:COALINDIA,Oil Gas & Consumable Fuels,430.5,461.55,352.4,265362.1162609,8147373.0,7512689.9047619
COCHINSHIP,NSE:COCHINSHIP,Capital Goods,1502.0,2545.0,1199.6,39264.6291811,500459.0,879093.142857142
COFORGE,NSE:COFORGE,Information Technology,1186.0,1994.0,1182.1,7338.8665341,3210664.0,3970200.14285714
COHANCE,NSE:COHANCE,Healthcare,311.8,1121.15,303.05,11928.4448289,1213458.0,1580249.19047619
COLPAL,NSE:COLPAL,Fast Moving Consumer Goods,2253.9,2747.4,2029.4,61270.338591,577821.0,375783.761904761
CAMS,NSE:CAMS,Financial Services,674.0,875.0,606.21,16788.54786,2005279.0,821263.904761904
CONCORDBIO,NSE:CONCORDBIO,Healthcare,1217.8,2150.4,1068.6,12740.1491688,535659.0,1092636.38095238
CONCOR,NSE:CONCOR,Services,495.0,652.04,472.75,37700.0811,1765303.0,1153267.9047619
COROMANDEL,NSE:COROMANDEL,Chemicals,2219.0,2718.9,1596.0,65397.99077,876844.0,253641.714285714
CRAFTSMAN,NSE:CRAFTSMAN,Automobile and Auto Components,7509.0,8220.0,3700.0,17955.226472,44754.0,44627.8571428571
CREDITACC,NSE:CREDITACC,Financial Services,1266.8,1496.7,879.3,20286.1432739,865829.0,343762.952380952
CROMPTON,NSE:CROMPTON,Consumer Durables,256.12,367.5,217.4,16564.4588153,2045333.0,3678109.57142857
CUMMINSIND,NSE:CUMMINSIND,Capital Goods,4909.0,4987.0,2580.0,135780.9,944558.0,685687.571428571
CYIENT,NSE:CYIENT,Information Technology,912.0,1376.0,908.1,10084.8270551,490683.0,258700.285714285
DCMSHRIRAM,NSE:DCMSHRIRAM,Diversified,1035.0,1502.3,902.6,16026.61275,27729.0,28085.4285714285
DLF,NSE:DLF,Realty,602.05,886.8,586.65,149527.1310424,4023729.0,2800802.76190476
DOMS,NSE:DOMS,Fast Moving Consumer Goods,2333.7,3064.6,2250.0,14125.6863,18380.0,40953.5238095238
DABUR,NSE:DABUR,Fast Moving Consumer Goods,519.0,577.0,433.3,91746.7382102,2414657.0,1612463.71428571
DALBHARAT,NSE:DALBHARAT,Construction Materials,1988.2,2496.3,1601.0,37208.7234205,775987.0,206963.047619047
DATAPATTNS,NSE:DATAPATTNS,Capital Goods,3197.9,3309.9,1351.15,18019.7201311,967561.0,956599.857142857
DEEPAKFERT,NSE:DEEPAKFERT,Chemicals,995.0,1778.6,888.9,12573.2770457,218338.0,352014.38095238
DEEPAKNTR,NSE:DEEPAKNTR,Chemicals,1578.0,2174.0,1514.0,21522.8154,112234.0,103687.571428571
DELHIVERY,NSE:DELHIVERY,Services,433.6,490.0,236.53,32455.9620728,1104679.0,2789791.57142857
DEVYANI,NSE:DEVYANI,Consumer Services,127.04,191.0,109.62,15332.6029236,1036880.0,6958907.33333333
DIVISLAB,NSE:DIVISLAB,Healthcare,6395.5,7071.5,4955.0,170125.5,466870.0,392451.047619047
DIXON,NSE:DIXON,Consumer Durables,10520.0,18471.0,9835.0,63668.7141339,1359438.0,748728.857142857
AGARWALEYE,NSE:AGARWALEYE,Healthcare,448.65,568.0,327.0,14213.5682941,337081.0,100984.714285714
LALPATHLAB,NSE:LALPATHLAB,Healthcare,1400.0,1770.0,1146.78,23376.276,591288.0,224092.38095238
DRREDDY,NSE:DRREDDY,Healthcare,1290.0,1379.7,1020.0,1192.1521956,3510396.0,1415832.61904761
EIDPARRY,NSE:EIDPARRY,Fast Moving Consumer Goods,865.05,1246.8,639.0,15476.2254333,412671.0,221320.428571428
EIHOTEL,NSE:EIHOTEL,Consumer Services,314.6,434.8,304.5,19673.9581136,623651.0,2042885.0
EICHERMOT,NSE:EICHERMOT,Automobile and Auto Components,8014.0,8230.0,4755.0,219595.5575267,774354.0,562520.761904761
ELECON,NSE:ELECON,Capital Goods,417.0,716.25,361.5,9354.139246,178733.0,456498.619047619
ELGIEQUIP,NSE:ELGIEQUIP,Capital Goods,535.5,608.4,401.0,16886.95,332072.0,935257.857142857
EMAMILTD,NSE:EMAMILTD,Fast Moving Consumer Goods,464.9,653.35,460.75,20144.0728087,707375.0,734804.904761904
EMCURE,NSE:EMCURE,Healthcare,1436.5,1585.6,889.0,27273.328784,960331.0,169516.809523809
ENDURANCE,NSE:ENDURANCE,Automobile and Auto Components,2669.3,3079.9,1675.0,37440.23,86925.0,103260.333333333
ENGINERSIN,NSE:ENGINERSIN,Construction,220.3,255.45,142.2,12447.3986548,4715134.0,22404621.6190476
ERIS,NSE:ERIS,Healthcare,1368.0,1910.0,1097.2,18949.97376,32897.0,69682.238095238
ESCORTS,NSE:ESCORTS,Capital Goods,3518.9,4180.0,2776.4,38716.6961755,54853.0,153212.285714285
ETERNAL,NSE:ETERNAL,Consumer Services,247.5,368.45,209.86,223669.8104453,57272916.0,47423423.2857142
EXIDEIND,NSE:EXIDEIND,Automobile and Auto Components,334.4,431.0,308.45,28474.40647,925477.0,1848033.0
NYKAA,NSE:NYKAA,Consumer Services,264.9,285.6,154.9,75842.3781825,5771186.0,8782257.95238095
FEDERALBNK,NSE:FEDERALBNK,Financial Services,298.5,302.0,172.66,73710.2559097,6871717.0,6618336.14285714
FACT,NSE:FACT,Chemicals,742.5,1112.0,565.0,48045.096,122873.0,94807.5714285714
FINCABLES,NSE:FINCABLES,Capital Goods,912.0,1028.0,700.8,13982.5451443,4594730.0,530951.619047619
FINPIPE,NSE:FINPIPE,Capital Goods,185.1,238.0,153.92,11444.9925173,228056.0,870716.095238095
FSL,NSE:FSL,Services,213.15,403.8,212.1,14740.42,1818934.0,1696431.71428571
FIVESTAR,NSE:FIVESTAR,Financial Services,416.9,850.0,416.0,12280.4605292,1013333.0,1682145.0
FORCEMOT,NSE:FORCEMOT,Automobile and Auto Components,24350.0,26450.0,6472.05,32082.6851696,79173.0,131289.0
FORTIS,NSE:FORTIS,Healthcare,939.8,1104.3,595.6,71081.9895759,3208469.0,1605828.8095238
GAIL,NSE:GAIL,Oil Gas & Consumable Fuels,168.85,202.79,150.52,111593.75185,17164115.0,13747319.3333333
GVT&D,NSE:GVT&D,Capital Goods,3850.0,3912.0,1254.0,98583.04,544116.0,686161.0
GMRAIRPORT,NSE:GMRAIRPORT,Services,99.7,110.36,67.75,106157.2676593,19213349.0,14515260.3809523
GRSE,NSE:GRSE,Capital Goods,2434.3,3538.4,1184.9,27872.7847834,280499.0,958402.619047619
GICRE,NSE:GICRE,Financial Services,382.05,453.8,351.0,67026.8498583,319784.0,491718.238095238
GILLETTE,NSE:GILLETTE,Fast Moving Consumer Goods,8318.0,11500.0,7563.35,27076.9149,15613.0,26810.4285714285
GLAND,NSE:GLAND,Healthcare,1822.0,2131.0,1277.8,30018.61608,118033.0,119548.857142857
GLAXO,NSE:GLAXO,Healthcare,2570.0,3515.7,2220.3,43537.342,46525.0,77054.238095238
GLENMARK,NSE:GLENMARK,Healthcare,2144.0,2284.8,1275.5,60334.7640768,616213.0,495695.809523809
MEDANTA,NSE:MEDANTA,Healthcare,1145.3,1456.5,1010.0,30739.32265,152914.0,154797.904761904
GODIGIT,NSE:GODIGIT,Financial Services,338.0,381.4,264.6,31039.08,291471.0,455749.666666666
GPIL,NSE:GPIL,Capital Goods,265.5,290.0,145.75,17809.8714618,1881034.0,1878284.14285714
GODFRYPHLP,NSE:GODFRYPHLP,Fast Moving Consumer Goods,2129.9,3947.0,1650.8,10970.3574535,1292546.0,2205191.85714285
GODREJAGRO,NSE:GODREJAGRO,Fast Moving Consumer Goods,640.0,876.35,506.1,12348.5770694,237769.0,620042.19047619
GODREJCP,NSE:GODREJCP,Fast Moving Consumer Goods,1214.9,1309.0,979.5,124313.9160581,1443913.0,1066710.33333333
GODREJIND,NSE:GODREJIND,Diversified,1003.15,1390.0,938.8,33291.8751787,106474.0,114635.0
GODREJPROP,NSE:GODREJPROP,Realty,1727.0,2506.5,1475.0,52055.6478331,1247988.0,1594431.61904761
GRANULES,NSE:GRANULES,Healthcare,580.8,627.0,422.0,14105.8972,485503.0,704570.142857142
GRAPHITE,NSE:GRAPHITE,Capital Goods,717.0,747.0,365.75,14017.1458351,2869400.0,1803838.33333333
GRASIM,NSE:GRASIM,Construction Materials,2794.0,2979.0,2301.65,189951.3,1153378.0,656066.19047619
GRAVITA,NSE:GRAVITA,Metals & Mining,1610.0,2170.0,1379.65,11726.06953,63652.0,142615.38095238
GESHIP,NSE:GESHIP,Services,1337.6,1375.0,797.5,19115.1,150847.0,565049.285714285
FLUOROCHEM,NSE:FLUOROCHEM,Chemicals,3472.0,4083.55,2916.6,38327.2469683,39905.0,75497.0476190476
GUJGASLTD,NSE:GUJGASLTD,Oil Gas & Consumable Fuels,407.0,508.7,360.25,28045.01,259865.0,327554.952380952
GMDCLTD,NSE:GMDCLTD,Metals & Mining,567.0,651.0,226.59,18123.5009742,3087978.0,3865399.33333333
GSPL,NSE:GSPL,Oil Gas & Consumable Fuels,306.0,360.6,261.45,17155.234635,829479.0,294838.904761904
HEG,NSE:HEG,Capital Goods,577.8,672.0,335.75,11150.2339364,2238629.0,2397616.85714285
HBLENGINE,NSE:HBLENGINE,Capital Goods,684.0,1122.0,405.0,19006.9824805,1005342.0,1435236.85714285
HCLTECH,NSE:HCLTECH,Information Technology,1382.0,1780.1,1302.75,376374.2545605,8651443.0,3997971.76190476
HDFCAMC,NSE:HDFCAMC,Financial Services,2690.0,2967.25,1783.43,57860.6228285,1193019.0,1014634.8095238
HDFCBANK,NSE:HDFCBANK,Financial Services,887.45,1020.5,835.03,15146.3250114,34620755.0,28538983.8571428
HDFCLIFE,NSE:HDFCLIFE,Financial Services,716.75,820.75,600.35,153688.3571229,3416009.0,2882186.85714285
HFCL,NSE:HFCL,Telecommunication,68.3,93.96,59.82,9910.132568,7677734.0,17597291.5238095
HAPPSTMNDS,NSE:HAPPSTMNDS,Information Technology,360.0,724.1,358.0,5408.3196,442439.0,616635.952380952
HAVELLS,NSE:HAVELLS,Consumer Durables,1392.7,1673.8,1250.1,87634.06,1498208.0,620610.095238095
HEROMOTOCO,NSE:HEROMOTOCO,Automobile and Auto Components,5715.0,6388.5,3344.0,114251.3,584546.0,496210.809523809
HEXT,NSE:HEXT,Information Technology,472.0,900.0,458.75,28846.4946099,723405.0,2248460.19047619
HSCL,NSE:HSCL,Chemicals,483.95,534.45,365.35,24416.1927813,548410.0,1425216.42857142
HINDALCO,NSE:HINDALCO,Metals & Mining,925.4,1029.8,546.45,206907.8779586,5418634.0,6007626.23809523
HAL,NSE:HAL,Capital Goods,3910.8,5165.0,3046.05,261724.4832,2191138.0,2112923.95238095
HINDCOPPER,NSE:HINDCOPPER,Metals & Mining,570.0,760.05,183.82,54856.5610966,10159245.0,25806950.2857142
HINDPETRO,NSE:HINDPETRO,Oil Gas & Consumable Fuels,438.5,508.45,287.55,93409.9199384,5341791.0,4609838.38095238
HINDUNILVR,NSE:HINDUNILVR,Fast Moving Consumer Goods,2340.0,2715.44,2109.16,549147.599325,3053227.0,1678900.66666666
HINDZINC,NSE:HINDZINC,Metals & Mining,604.4,733.0,378.15,255117.9796304,4662433.0,11686232.7619047
POWERINDIA,NSE:POWERINDIA,Capital Goods,25508.0,25799.0,10400.0,113695.201396,126705.0,178928.666666666
HOMEFIRST,NSE:HOMEFIRST,Financial Services,1087.0,1519.0,878.4,11290.89,933839.0,555077.380952381
HONASA,NSE:HONASA,Fast Moving Consumer Goods,304.9,334.2,203.5,9920.5250034,452651.0,1755862.52380952
HONAUT,NSE:HONAUT,Capital Goods,30940.0,41450.0,30590.0,27355.669068,3515.0,3641.0
HUDCO,NSE:HUDCO,Financial Services,185.9,253.73,158.85,37375.1788425,3769121.0,5726446.57142857
HYUNDAI,NSE:HYUNDAI,Automobile and Auto Components,2173.2,2890.0,1541.7,176581.4496165,585338.0,501021.19047619
ICICIBANK,NSE:ICICIBANK,Financial Services,1379.4,1500.0,1200.1,10978.6666153,15096898.0,13871407.3809523
ICICIGI,NSE:ICICIGI,Financial Services,1892.8,2068.7,1613.7,94399.5811392,852656.0,572039.666666666
ICICIPRULI,NSE:ICICIPRULI,Financial Services,659.45,706.8,525.8,94786.4126488,2231900.0,1126438.47619047
IDBI,NSE:IDBI,Financial Services,116.18,118.38,66.5,124824.6076623,39393232.0,24302861.8571428
IDFCFIRSTB,NSE:IDFCFIRSTB,Financial Services,73.28,87.0,52.46,53797.5982217,73495422.0,76731275.2380952
IFCI,NSE:IFCI,Financial Services,59.63,74.5,36.2,15685.2737592,12081287.0,33478088.7142857
IIFL,NSE:IIFL,Financial Services,494.2,675.0,279.8,21072.819509,859998.0,1643294.52380952
INOXINDIA,NSE:INOXINDIA,Capital Goods,1160.0,1288.0,892.25,10555.8,78052.0,51338.3809523809
IRB,NSE:IRB,Construction,41.51,54.28,38.57,25155.0459102,5826331.0,7499417.85714285
IRCON,NSE:IRCON,Construction,143.56,225.52,134.24,13502.0388527,1554338.0,2140112.71428571
ITCHOTELS,NSE:ITCHOTELS,Consumer Services,176.95,261.62,159.05,36856.6140493,1753613.0,2702766.71428571
ITC,NSE:ITC,Fast Moving Consumer Goods,314.2,444.2,302.0,392455.3548382,13892595.0,22231331.8095238
ITI,NSE:ITI,Telecommunication,269.0,372.85,234.04,25900.71611,114609.0,326877.571428571
INDGN,NSE:INDGN,Healthcare,495.0,632.9,455.6,11895.7014,268714.0,459117.333333333
INDIACEM,NSE:INDIACEM,Construction Materials,404.9,485.8,238.85,12598.0742591,531660.0,346181.428571428
INDIAMART,NSE:INDIAMART,Consumer Services,2138.0,2799.0,1900.1,12805.0259145,50100.0,99303.5238095238
INDIANB,NSE:INDIANB,Financial Services,987.0,1000.0,478.0,133416.8,2343944.0,1944815.33333333
IEX,NSE:IEX,Financial Services,125.16,215.4,119.0,11130.484132,5072021.0,7222050.76190476
INDHOTEL,NSE:INDHOTEL,Consumer Services,668.05,858.0,627.2,95026.2541916,4968047.0,2043326.23809523
IOC,NSE:IOC,Oil Gas & Consumable Fuels,186.98,188.96,110.72,264879.87011,24422609.0,17794756.0
IOB,NSE:IOB,Financial Services,36.38,46.84,33.5,70223.8857535,5933154.0,6910435.61904761
IRCTC,NSE:IRCTC,Consumer Services,568.0,820.25,558.1,45688.0094625,32213440.0,3556683.23809523
IRFC,NSE:IRFC,Financial Services,103.34,148.95,101.73,135372.6793396,19027229.0,15853942.095238
IREDA,NSE:IREDA,Financial Services,122.25,186.58,121.65,32873.3113402,6156137.0,7320562.66666666
IGL,NSE:IGL,Oil Gas & Consumable Fuels,170.48,229.0,163.0,23948.7619209,1149810.0,2525674.33333333
INDUSTOWER,NSE:INDUSTOWER,Telecommunication,453.7,481.5,312.55,119812.4682886,7170798.0,6643501.19047619
INDUSINDBK,NSE:INDUSINDBK,Financial Services,957.0,1063.3,606.0,74540.98,3745120.0,4027931.19047619
NAUKRI,NSE:NAUKRI,Consumer Services,1024.0,1550.0,1006.1,66835.3592628,2485232.0,2240642.19047619
INFY,NSE:INFY,Information Technology,1298.9,1775.85,1264.1,5638.5353681,23141724.0,16872752.2857142
INOXWIND,NSE:INOXWIND,Capital Goods,92.2,198.14,91.65,11993.2581935,8958892.0,11214228.7142857
INTELLECT,NSE:INTELLECT,Information Technology,696.7,1255.0,577.4,9735.888,341970.0,622414.047619047
INDIGO,NSE:INDIGO,Services,4830.3,6232.5,4267.55,186383.0459537,1199332.0,873309.523809523
IGIL,NSE:IGIL,Services,331.0,442.0,282.0,14261.27,1366123.0,963438.857142857
IKS,NSE:IKS,Information Technology,1365.0,1901.95,1236.8,22586.9420465,451945.0,229798.142857142
IPCALAB,NSE:IPCALAB,Healthcare,1517.0,1595.0,1168.2,38788.84,191057.0,218714.238095238
JBCHEPHARM,NSE:JBCHEPHARM,Healthcare,2052.4,2114.7,1385.75,32953.06602,133432.0,333973.571428571
JKCEMENT,NSE:JKCEMENT,Construction Materials,5650.0,7565.5,4218.9,43702.92,73418.0,70745.1904761904
JBMA,NSE:JBMA,Automobile and Auto Components,551.55,790.0,489.8,6525.8204206,117472.0,480012.619047619
JKTYRE,NSE:JKTYRE,Automobile and Auto Components,500.5,611.9,243.0,13732.5121327,2101229.0,2064221.23809523
JMFINANCIL,NSE:JMFINANCIL,Financial Services,128.5,199.8,80.2,12289.276115,3248284.0,4001262.09523809
JSWCEMENT,NSE:JSWCEMENT,Construction Materials,126.2,162.15,106.65,16755.279298,10048576.0,4753697.95238095
JSWENERGY,NSE:JSWENERGY,Power,485.55,579.0,427.75,85071.6708604,1308481.0,1949969.47619047
JSWINFRA,NSE:JSWINFRA,Services,256.0,349.0,241.15,52745.9999432,1673399.0,1223935.0
JSWSTEEL,NSE:JSWSTEEL,Metals & Mining,1271.0,1284.7,905.2,310447.7237,2081751.0,1336108.23809523
JPPOWER,NSE:JPPOWER,Power,15.15,27.7,12.36,10376.6484755,111903820.0,32816532.2380952
J&KBANK,NSE:J&KBANK,Financial Services,121.5,123.6,87.3,13379.3613,24570081.0,6289845.61904761
JINDALSAW,NSE:JINDALSAW,Capital Goods,185.65,286.4,153.0,11829.160912,1817643.0,2923061.47619047
JSL,NSE:JSL,Metals & Mining,773.5,884.0,496.6,63859.14108,1703092.0,763876.142857142
JINDALSTEL,NSE:JINDALSTEL,Metals & Mining,1239.5,1272.1,770.0,126117.6376,1618136.0,1222591.66666666
JIOFIN,NSE:JIOFIN,Financial Services,254.9,338.6,198.65,162642.9393075,13283249.0,12384790.1904761
JUBLFOOD,NSE:JUBLFOOD,Consumer Services,518.0,727.95,481.1,34184.1115735,8947909.0,2477326.61904761
JUBLINGREA,NSE:JUBLINGREA,Chemicals,585.0,851.8,535.2,9250.6207518,171805.0,206440.666666666
JUBLPHARMA,NSE:JUBLPHARMA,Healthcare,865.0,1248.0,802.0,13698.97905,107109.0,157773.571428571
JWL,NSE:JWL,Capital Goods,267.3,457.0,247.15,11419.34,2023874.0,1375852.42857142
JYOTHYLAB,NSE:JYOTHYLAB,Fast Moving Consumer Goods,254.25,399.9,236.75,9307.419,441089.0,591741.714285714
JYOTICNC,NSE:JYOTICNC,Capital Goods,819.0,1330.0,750.0,18628.5386,364063.0,482117.523809523
KPRMILL,NSE:KPRMILL,Textiles,892.7,1389.0,755.5,30513.7361972,192230.0,869750.714285714
KEI,NSE:KEI,Capital Goods,5079.0,5110.0,2424.0,48568.93,394177.0,303630.571428571
KPITTECH,NSE:KPITTECH,Information Technology,771.0,1434.5,758.0,20967.0410725,2159691.0,1922686.76190476
KSB,NSE:KSB,Capital Goods,771.0,912.0,600.75,13464.5990657,2366059.0,1013487.14285714
KAJARIACER,NSE:KAJARIACER,Consumer Durables,958.2,1321.9,758.7,15261.4623984,890380.0,270079.571428571
KPIL,NSE:KPIL,Construction,1240.0,1335.6,786.3,21177.5,359166.0,198863.047619047
KALYANKJIL,NSE:KALYANKJIL,Consumer Durables,410.0,617.7,347.5,42339.142,5995568.0,9065271.95238095
KARURVYSYA,NSE:KARURVYSYA,Financial Services,326.8,343.45,154.62,31484.5747,4308225.0,3139645.71428571
KAYNES,NSE:KAYNES,Capital Goods,3845.0,7705.0,3294.9,24683.58949,1025078.0,2061642.09523809
KEC,NSE:KEC,Construction,585.3,947.0,574.55,15606.2203246999,264919.0,628097.666666666
KFINTECH,NSE:KFINTECH,Financial Services,956.7,1388.5,823.0,16436.04435,957570.0,961855.809523809
KIRLOSBROS,NSE:KIRLOSBROS,Capital Goods,1580.1,2475.0,1422.35,12568.84,80109.0,132250.476190476
KIRLOSENG,NSE:KIRLOSENG,Capital Goods,1395.0,1475.5,544.4,20265.898699,217691.0,652932.857142857
KOTAKBANK,NSE:KOTAKBANK,Financial Services,416.05,460.38,378.78,412976.9,17806739.0,15669944.7142857
KIMS,NSE:KIMS,Healthcare,745.1,798.4,474.05,29814.348462,521540.0,520419.38095238
LTF,NSE:LTF,Financial Services,280.25,329.45,132.58,71089.38,99977962.0,9397259.57142857
LTTS,NSE:LTTS,Information Technology,3514.0,4879.75,3140.0,37247.02954,323780.0,143972.047619047
LICHSGFIN,NSE:LICHSGFIN,Financial Services,542.0,646.5,483.7,29579.64,1504434.0,1735327.33333333
LTFOODS,NSE:LTFOODS,Fast Moving Consumer Goods,401.0,518.55,288.25,13969.99,406874.0,1006624.71428571
LTIM,NSE:LTIM,Information Technology,0,0,0,0,0,2.0
LT,NSE:LT,Construction,4270.0,4440.0,2965.3,588625.2525222,2357853.0,2157942.19047619
LATENTVIEW,NSE:LATENTVIEW,Information Technology,336.85,517.5,332.25,6983.6224886,669909.0,1475892.42857142
LAURUSLABS,NSE:LAURUSLABS,Healthcare,1071.95,1141.0,517.65,57869.9256009,1691058.0,1428282.95238095
THELEELA,NSE:THELEELA,Consumer Services,457.4,474.4,382.5,15205.4757929,340643.0,278339.857142857
LEMONTREE,NSE:LEMONTREE,Consumer Services,114.45,180.68,112.9,8987.3923112,3646800.0,4251225.0
LICI,NSE:LICI,Financial Services,846.0,980.0,715.3,537242.0579772,1088524.0,1777058.57142857
LINDEINDIA,NSE:LINDEINDIA,Chemicals,6738.0,7870.0,5242.4,57396.28,22937.0,90390.3809523809
LLOYDSME,NSE:LLOYDSME,Metals & Mining,1237.9,1612.0,942.15,67401.4900043,318862.0,731131.333333333
LODHA,NSE:LODHA,Realty,991.0,1531.0,863.8,98784.8588772,1986835.0,1281314.19047619
LUPIN,NSE:LUPIN,Healthcare,2295.6,2336.3,1795.2,104918.8644113,955385.0,846297.333333333
MMTC,NSE:MMTC,Services,61.6,88.19,44.5,9291.1681894,3135913.0,2101293.57142857
MRF,NSE:MRF,Automobile and Auto Components,140980.0,163600.0,102124.05,59791.619916,14866.0,10765.1904761904
MGL,NSE:MGL,Oil Gas & Consumable Fuels,1221.0,1586.9,1018.6,12060.76938,419722.0,254507.428571428
MAHSCOOTER,NSE:MAHSCOOTER,Financial Services,13334.0,18538.0,8822.0,15153.14,7881.0,3173.5238095238
MAHSEAMLES,NSE:MAHSEAMLES,Capital Goods,562.0,773.8,500.7,7530.75504,207833.0,136113.0
M&MFIN,NSE:M&MFIN,Financial Services,373.7,412.2,231.52,46307.9387926,963530.0,1951786.04761904
M&M,NSE:M&M,Automobile and Auto Components,3402.6,3839.9,2425.0,407593.9398825,3765500.0,2512406.47619047
MANAPPURAM,NSE:MANAPPURAM,Financial Services,282.5,321.6,194.51,23911.9550078,6870390.0,5348897.23809523
MRPL,NSE:MRPL,Oil Gas & Consumable Fuels,195.0,203.89,98.92,34469.8728401,6300759.0,11413835.8095238
MANKIND,NSE:MANKIND,Healthcare,2260.0,2716.5,2012.3,93121.831,794739.0,513818.047619047
MARICO,NSE:MARICO,Fast Moving Consumer Goods,788.1,813.5,577.85,102084.0872276,2505181.0,1754938.52380952
MARUTI,NSE:MARUTI,Automobile and Auto Components,14832.0,17370.0,11059.45,467557.3805811,478164.0,364475.238095238
MFSL,NSE:MFSL,Financial Services,1822.0,1892.5,950.0,62583.11,538734.0,776898.142857142
MAXHEALTH,NSE:MAXHEALTH,Healthcare,1090.75,1314.3,933.8,106570.65221,6055289.0,3086742.09523809
MAZDOCK,NSE:MAZDOCK,Capital Goods,2225.1,3775.0,2047.9,89756.0877392,625013.0,913637.523809523
METROPOLIS,NSE:METROPOLIS,Healthcare,1869.3,2263.0,1315.0,9688.9447972,19916.0,46159.619047619
MINDACORP,NSE:MINDACORP,Automobile and Auto Components,558.0,619.95,445.05,13075.48,182500.0,241981.571428571
MSUMI,NSE:MSUMI,Automobile and Auto Components,43.0,53.59,30.72,19099.1825773,6476582.0,5981917.71428571
MOTILALOFS,NSE:MOTILALOFS,Financial Services,725.8,1097.1,513.0,43667.4804615,787778.0,823067.571428571
MPHASIS,NSE:MPHASIS,Information Technology,2297.0,3037.2,2044.55,43665.8208403,861454.0,707175.523809523
MCX,NSE:MCX,Financial Services,2447.0,2705.0,881.63,62185.43,2538434.0,4291151.9047619
MUTHOOTFIN,NSE:MUTHOOTFIN,Financial Services,3347.0,4149.5,1965.0,134705.350635,1362651.0,1124061.23809523
NATCOPHARM,NSE:NATCOPHARM,Healthcare,987.0,1059.0,726.8,17708.9521612,2003619.0,2600183.0
NBCC,NSE:NBCC,Construction,92.36,130.7,70.8,25006.8616522,14082018.0,9844400.33333333
NCC,NSE:NCC,Construction,152.55,242.15,135.0,9554.9050708,2766576.0,3792566.71428571
NHPC,NSE:NHPC,Power,75.4,92.34,71.0,75681.8631729,21574575.0,14828727.0
NLCINDIA,NSE:NLCINDIA,Power,260.0,292.2,197.07,36059.48,877868.0,1603208.23809523
NMDC,NSE:NMDC,Metals & Mining,81.44,86.72,59.53,71963.9780447,16829779.0,29452996.4761904
NSLNISP,NSE:NSLNISP,Metals & Mining,40.63,49.65,32.13,11907.044365,3715112.0,4198669.47619047
NTPCGREEN,NSE:NTPCGREEN,Power,90.3,117.64,84.05,76089.7534415,1801893.0,3430639.42857142
NTPC,NSE:NTPC,Power,382.0,388.55,306.55,369879.5048171,11548959.0,11146060.2380952
NH,NSE:NH,Healthcare,1853.9,2370.2,1425.05,37652.6724178,336426.0,297411.523809523
NATIONALUM,NSE:NATIONALUM,Metals & Mining,354.55,431.5,137.75,65172.8521559,9832443.0,12103402.3809523
NAVA,NSE:NAVA,Power,595.0,735.0,375.25,16838.5714,243507.0,285645.619047619
NAVINFLUOR,NSE:NAVINFLUOR,Chemicals,6255.0,6965.0,3566.0,32055.980535,265078.0,304373.952380952
NESTLEIND,NSE:NESTLEIND,Fast Moving Consumer Goods,1292.0,1340.4,1055.0,124470.9923684,1640870.0,1039694.71428571
NETWEB,NSE:NETWEB,Information Technology,3864.0,4479.0,1251.55,21746.067369,7315246.0,2818011.23809523
NEULANDLAB,NSE:NEULANDLAB,Healthcare,12910.0,19747.0,10190.7,16454.33,53386.0,57360.4285714285
NEWGEN,NSE:NEWGEN,Information Technology,509.45,1377.15,458.65,7193.3016627,2995977.0,10012605.8571428
NAM-INDIA,NSE:NAM-INDIA,Financial Services,931.0,1009.0,498.05,59328.906,370579.0,1019292.85714285
NIVABUPA,NSE:NIVABUPA,Financial Services,74.69,95.21,68.54,13796.7297819,466039.0,771957.857142857
NUVAMA,NSE:NUVAMA,Financial Services,1242.2,1701.7,947.09,22612.6352511,416379.0,373506.19047619
NUVOCO,NSE:NUVOCO,Construction Materials,328.0,477.5,287.05,11714.72008,250452.0,222772.857142857
OBEROIRLTY,NSE:OBEROIRLTY,Realty,1525.0,2005.0,1425.5,55369.35,788586.0,451006.095238095
ONGC,NSE:ONGC,Oil Gas & Consumable Fuels,279.1,282.5,205.0,352107.4747219,18554482.0,18259546.4285714
OIL,NSE:OIL,Oil Gas & Consumable Fuels,485.55,524.0,325.0,78719.6477506,7740031.0,6058098.23809523
OLAELEC,NSE:OLAELEC,Automobile and Auto Components,25.25,71.25,24.78,10556.0652585,53882205.0,59017093.5238095
OLECTRA,NSE:OLECTRA,Automobile and Auto Components,999.0,1714.2,965.1,8199.7266994,260265.0,363491.19047619
PAYTM,NSE:PAYTM,Financial Services,1098.5,1381.8,651.5,69925.4598579,3019796.0,3167632.14285714
ONESOURCE,NSE:ONESOURCE,Healthcare,1348.0,2248.0,1057.0,15450.93776,218471.0,341915.38095238
OFSS,NSE:OFSS,Information Technology,6897.0,9950.0,6399.5,60205.4567768,257521.0,176233.857142857
POLICYBZR,NSE:POLICYBZR,Financial Services,1476.1,1978.0,1311.35,68453.24,3108444.0,3647969.28571428
PCBL,NSE:PCBL,Chemicals,308.8,444.15,254.5,12150.1215196,1406360.0,6682254.66666666
PGEL,NSE:PGEL,Consumer Durables,627.5,1008.0,465.0,17868.37,1612812.0,2569910.52380952
PIIND,NSE:PIIND,Chemicals,3100.0,4330.0,2951.1,47027.992,384811.0,324125.047619047
PNBHOUSING,NSE:PNBHOUSING,Financial Services,824.1,1141.9,746.7,21690.7565445,767208.0,992771.285714285
PTCIL,NSE:PTCIL,Capital Goods,17927.0,19387.0,9799.9,26877.144385,15963.0,13900.3333333333
PVRINOX,NSE:PVRINOX,Media Entertainment & Publication,1020.05,1249.7,830.0,10038.0,182173.0,348740.904761904
PAGEIND,NSE:PAGEIND,Textiles,32160.0,50590.0,31740.0,35815.09,78391.0,25771.8095238095
PATANJALI,NSE:PATANJALI,Fast Moving Consumer Goods,504.55,670.33,480.0,18475.9835937,1817346.0,2889801.42857142
PERSISTENT,NSE:PERSISTENT,Information Technology,4712.0,6599.0,4148.95,74007.99,1144899.0,1003674.57142857
PETRONET,NSE:PETRONET,Oil Gas & Consumable Fuels,322.3,326.5,263.5,48474.85449,8390107.0,2823532.66666666
PFIZER,NSE:PFIZER,Healthcare,5055.0,5993.0,3701.0,23125.48257,11035.0,64435.9523809523
PHOENIXLTD,NSE:PHOENIXLTD,Realty,1659.0,1993.0,1402.5,59327.8308,451895.0,418134.476190476
PIDILITIND,NSE:PIDILITIND,Chemicals,1488.6,1574.95,1311.1,75875.3104755,1606678.0,805672.238095238
PPLPHARMA,NSE:PPLPHARMA,Healthcare,156.4,240.95,148.31,20622.1363239,2789207.0,2647458.8095238
POLYMED,NSE:POLYMED,Healthcare,1265.0,2937.6,1229.0,12822.8954552,237267.0,270876.476190476
POLYCAB,NSE:POLYCAB,Capital Goods,8606.5,8722.0,4555.0,129570.255045,926904.0,369776.047619047
POONAWALLA,NSE:POONAWALLA,Financial Services,454.0,570.4,267.2,36681.32952,946390.0,2060925.61904761
PFC,NSE:PFC,Financial Services,412.2,444.1,329.9,136244.606225,6922370.0,9858672.52380952
POWERGRID,NSE:POWERGRID,Power,299.5,322.0,247.3,277760.751125,21400679.0,17946292.8571428
PRAJIND,NSE:PRAJIND,Capital Goods,315.8,588.45,273.0,5854.4685405,11608516.0,5676295.85714285
PREMIERENE,NSE:PREMIERENE,Capital Goods,724.9,1163.9,660.0,32822.496296,5802610.0,2445668.57142857
PRESTIGE,NSE:PRESTIGE,Realty,1389.7,1814.0,1048.05,59966.4921639,962243.0,648611.142857142
PGHH,NSE:PGHH,Fast Moving Consumer Goods,11342.0,14543.0,11286.0,36816.959966,6071.0,7280.0
PNB,NSE:PNB,Financial Services,129.0,135.15,85.46,148629.7070079,17761050.0,18703936.3809523
RRKABEL,NSE:RRKABEL,Capital Goods,1561.0,1578.2,853.55,17663.8516199,1280544.0,267789.0
RBLBANK,NSE:RBLBANK,Financial Services,319.5,340.4,150.6,19729.3765064,4896917.0,5548500.95238095
RECLTD,NSE:RECLTD,Financial Services,348.95,450.0,330.95,92177.9006269,7542283.0,9255832.57142857
RHIM,NSE:RHIM,Capital Goods,432.5,547.9,378.05,8975.584,172941.0,344048.38095238
RITES,NSE:RITES,Construction,214.25,316.0,192.4,10296.936415,288316.0,475490.333333333
RADICO,NSE:RADICO,Fast Moving Consumer Goods,2640.0,3591.9,1987.4,35381.2754476,294688.0,314928.095238095
RVNL,NSE:RVNL,Construction,315.2,447.8,301.2,66032.8655885,5445951.0,7790864.85714285
RAILTEL,NSE:RAILTEL,Telecommunication,313.1,478.95,265.5,10048.5752378,742745.0,1437805.9047619
RAINBOW,NSE:RAINBOW,Healthcare,1192.0,1645.7,1090.0,12101.19592,53089.0,137733.904761904
RKFORGE,NSE:RKFORGE,Automobile and Auto Components,552.0,862.6,474.3,9983.3309191,252716.0,424949.761904761
RCF,NSE:RCF,Chemicals,126.7,166.5,110.8,6996.475785,623075.0,1005541.28571428
REDINGTON,NSE:REDINGTON,Services,275.65,334.8,176.94,21944.1696025,92286714.0,5598660.47619047
RELIANCE,NSE:RELIANCE,Oil Gas & Consumable Fuels,1394.9,1611.8,1114.85,1886289.9754575,12031440.0,10845662.4761904
RELINFRA,NSE:RELINFRA,Power,90.48,423.4,89.7,3693.5717548,1382753.0,1925193.65
RPOWER,NSE:RPOWER,Power,24.0,76.49,23.3,9928.6570326,46686630.0,43970762.8571428
SBFC,NSE:SBFC,Financial Services,93.99,123.0,82.0,10392.5210587,2407077.0,1301678.33333333
SBICARD,NSE:SBICARD,Financial Services,782.6,1027.25,725.15,74022.3583211,4651147.0,1435562.38095238
SBILIFE,NSE:SBILIFE,Financial Services,2038.5,2132.0,1379.85,204464.8116,1374835.0,913449.380952381
SJVN,NSE:SJVN,Power,73.05,107.5,68.13,28718.9425795,2964768.0,7664800.9047619
SRF,NSE:SRF,Chemicals,2566.0,3325.0,2553.0,75955.6136168,655543.0,378142.047619047
SAGILITY,NSE:SAGILITY,Information Technology,39.7,57.89,37.6,18607.0813168,54483849.0,26461889.047619
SAILIFE,NSE:SAILIFE,Healthcare,999.0,1004.7,636.1,20818.5988537,2428681.0,840147.285714285
SAMMAANCAP,NSE:SAMMAANCAP,Financial Services,149.55,192.95,97.61,12184.69,6819444.0,9432474.61904762
MOTHERSON,NSE:MOTHERSON,Automobile and Auto Components,133.1,136.15,71.5,90334.372375,22609831.0,20311697.5238095
SAPPHIRE,NSE:SAPPHIRE,Consumer Services,205.54,368.0,179.4,6565.531,421944.0,737441.095238095
SARDAEN,NSE:SARDAEN,Metals & Mining,549.0,639.75,396.6,19489.177297,6321104.0,682288.19047619
SAREGAMA,NSE:SAREGAMA,Media Entertainment & Publication,333.05,603.0,317.1,6392.251,335149.0,336624.523809523
SCHAEFFLER,NSE:SCHAEFFLER,Automobile and Auto Components,4347.6,4443.8,2823.0,68213.1292268,195685.0,141822.714285714
SCHNEIDER,NSE:SCHNEIDER,Capital Goods,911.0,1052.0,540.0,21671.28144,127774.0,719894.761904761
SCI,NSE:SCI,Services,263.39,280.5,138.26,12268.6805433,1636392.0,10590165.9523809
SHREECEM,NSE:SHREECEM,Construction Materials,25995.0,32490.0,25360.0,93791.88363,45243.0,30196.7142857142
SHRIRAMFIN,NSE:SHRIRAMFIN,Financial Services,1079.5,1108.0,566.5,203005.2083253,5601117.0,5161805.47619047
SHYAMMETL,NSE:SHYAMMETL,Capital Goods,860.2,1001.0,688.5,23910.7388833,124578.0,164724.238095238
ENRIN,NSE:ENRIN,Capital Goods,2946.0,3625.0,2115.0,104291.4773616,680155.0,513893.761904761
SIEMENS,NSE:SIEMENS,Capital Goods,3428.0,3440.0,2450.0,121743.4,857596.0,444843.333333333
SIGNATURE,NSE:SIGNATURE,Realty,995.45,1309.5,775.2,13987.137803,645400.0,820750.619047619
SOBHA,NSE:SOBHA,Realty,1395.0,1732.5,1075.3,14919.82,360812.0,103925.047619047
SOLARINDS,NSE:SOLARINDS,Chemicals,13491.0,17820.0,8482.5,122098.5141472,102819.0,129212.809523809
SONACOMS,NSE:SONACOMS,Automobile and Auto Components,533.25,559.5,380.0,33089.55412,1517077.0,2258908.66666666
SONATSOFTW,NSE:SONATSOFTW,Information Technology,267.7,464.2,267.0,7424.9810785,632253.0,825020.904761904
STARHEALTH,NSE:STARHEALTH,Financial Services,464.8,534.0,327.3,27284.2915891,176061.0,557871.476190476
SBIN,NSE:SBIN,Financial Services,1201.8,1234.7,680.0,1109520.1634,10700355.0,16191304.095238
SAIL,NSE:SAIL,Metals & Mining,165.24,167.99,101.13,68554.8294,28020533.0,24575685.0
SUMICHEM,NSE:SUMICHEM,Chemicals,401.0,665.0,396.0,20080.45237,128094.0,339843.333333333
SUNPHARMA,NSE:SUNPHARMA,Healthcare,1742.9,1851.2,1548.0,416854.4266846,3041489.0,2298041.09523809
SUNTV,NSE:SUNTV,Media Entertainment & Publication,645.5,691.4,480.2,25575.6465946,1443998.0,397378.619047619
SUNDARMFIN,NSE:SUNDARMFIN,Financial Services,5495.0,5599.5,4200.0,60709.11,201800.0,78316.6666666666
SUNDRMFAST,NSE:SUNDRMFAST,Automobile and Auto Components,870.0,1080.0,831.15,18281.1708,122179.0,72026.5238095238
SUPREMEIND,NSE:SUPREMEIND,Capital Goods,3980.5,4739.0,3095.0,50495.72,404124.0,295903.523809523
SUZLON,NSE:SUZLON,Capital Goods,42.65,74.3,42.45,58524.7491456,85724851.0,56062589.8571428
SWANCORP,NSE:SWANCORP,Chemicals,379.9,506.0,364.8,11908.2274396,1240612.0,833663.19047619
SWIGGY,NSE:SWIGGY,Consumer Services,300.05,474.0,297.0,69111.0256662,13686102.0,11846977.5238095
SYNGENE,NSE:SYNGENE,Healthcare,422.0,760.0,418.1,16912.5751974,870034.0,1318633.66666666
SYRMA,NSE:SYRMA,Capital Goods,824.4,909.9,370.0,14641.6898805,769838.0,1787420.66666666
TBOTEK,NSE:TBOTEK,Consumer Services,1221.0,1764.8,996.0,12947.2317529,307924.0,122317.238095238
TVSMOTOR,NSE:TVSMOTOR,Automobile and Auto Components,3866.0,3970.0,2192.75,183795.3,1408870.0,654798.095238095
TATACHEM,NSE:TATACHEM,Chemicals,717.4,1026.65,684.25,18276.2104099,476011.0,487452.523809523
TATACOMM,NSE:TATACOMM,Telecommunication,1603.0,2004.0,1291.0,45528.75,974472.0,296264.809523809
TCS,NSE:TCS,Information Technology,2639.7,3710.0,2561.3,954013.4687418,5083717.0,4782719.57142857
TATACONSUM,NSE:TATACONSUM,Fast Moving Consumer Goods,1145.0,1220.9,930.1,113304.4368,2035788.0,976878.571428571
TATAELXSI,NSE:TATAELXSI,Information Technology,4504.0,6735.0,4455.0,28113.1358219,345149.0,308102.333333333
TATAINVEST,NSE:TATAINVEST,Financial Services,659.0,1184.7,570.52,3329.1959069,995044.0,2376521.95238095
TMPV,NSE:TMPV,Automobile and Auto Components,383.5,419.0,335.6,140906.2,15951041.0,11156941.9523809
TATAPOWER,NSE:TATAPOWER,Power,376.6,416.8,331.85,120576.1191152,3197689.0,3580499.04761904
TATASTEEL,NSE:TATASTEEL,Metals & Mining,212.59,216.45,125.3,265011.5335171,25598534.0,33245681.7619047
TATATECH,NSE:TATATECH,Information Technology,587.8,797.0,568.8,23746.4028181,724585.0,961038.476190476
TTML,NSE:TTML,Telecommunication,41.46,81.12,41.07,8096.0377303,1025507.0,3125024.04761904
TECHM,NSE:TECHM,Information Technology,1354.3,1854.0,1209.4,132906.8196725,2601590.0,2650495.66666666
TECHNOE,NSE:TECHNOE,Construction,1174.65,1654.0,785.15,13661.1210514,242844.0,305252.476190476
TEJASNET,NSE:TEJASNET,Telecommunication,436.0,914.4,294.0,7585.7824422,126512541.0,10817022.5714285
NIACL,NSE:NIACL,Financial Services,146.14,214.74,135.6,24224.5166018,276892.0,486744.142857142
RAMCOCEM,NSE:RAMCOCEM,Construction Materials,1127.0,1214.5,788.2,26696.31,142406.0,247647.428571428
THERMAX,NSE:THERMAX,Capital Goods,3107.9,4091.8,2742.7,35121.53,91863.0,153990.38095238
TIMKEN,NSE:TIMKEN,Capital Goods,3489.0,3575.0,2202.0,26243.807919,158389.0,55705.9523809523
TITAGARH,NSE:TITAGARH,Capital Goods,700.5,974.35,654.55,9433.892685,486019.0,424241.666666666
TITAN,NSE:TITAN,Consumer Durables,4333.0,4378.4,2925.0,383868.8,1146258.0,926975.761904761
TORNTPHARM,NSE:TORNTPHARM,Healthcare,4335.0,4470.0,2886.45,146835.39225,404933.0,424640.095238095
TORNTPOWER,NSE:TORNTPOWER,Power,1564.9,1640.0,1188.0,78855.8599452,881717.0,837394.809523809
TARIL,NSE:TARIL,Capital Goods,308.0,594.0,224.05,4708.9120941,4038571.0,8823656.42857143
TRENT,NSE:TRENT,Consumer Services,3908.0,6261.0,3645.0,138629.6582338,976499.0,943166.952380952
TRIDENT,NSE:TRIDENT,Textiles,25.7,34.62,23.11,12886.5517027,3684543.0,13187147.3809523
TRIVENI,NSE:TRIVENI,Fast Moving Consumer Goods,392.2,468.1,313.1,8585.1759052,365646.0,250084.19047619
TRITURBINE,NSE:TRITURBINE,Capital Goods,489.0,675.2,454.1,15544.92369,280115.0,688816.0
TIINDIA,NSE:TIINDIA,Automobile and Auto Components,2760.0,3419.9,2164.9,53411.4096,996503.0,744429.666666666
UCOBANK,NSE:UCOBANK,Financial Services,29.57,38.76,26.81,37108.1740113,8812690.0,8417659.38095238
UNOMINDA,NSE:UNOMINDA,Automobile and Auto Components,1186.0,1382.0,767.6,68625.94,770804.0,934721.380952381
UPL,NSE:UPL,Chemicals,635.0,812.2,588.85,57773.4199724,4377806.0,4111897.28571428
UTIAMC,NSE:UTIAMC,Financial Services,992.0,1494.8,905.25,12667.2457857,167012.0,81058.0476190476
ULTRACEMCO,NSE:ULTRACEMCO,Construction Materials,12650.0,13110.0,10047.85,372084.064,272915.0,190903.952380952
UNIONBANK,NSE:UNIONBANK,Financial Services,202.14,205.49,107.6,154478.2244103,23419781.0,16328105.5238095
UBL,NSE:UBL,Fast Moving Consumer Goods,1595.0,2294.9,1401.1,42172.61345,34657.0,119903.047619047
UNITDSPR,NSE:UNITDSPR,Fast Moving Consumer Goods,1380.1,1645.0,1271.1,100702.9421422,1362196.0,577476.428571428
USHAMART,NSE:USHAMART,Capital Goods,417.5,497.1,285.4,12739.2001126,309945.0,864911.666666666
VGUARD,NSE:VGUARD,Consumer Durables,312.7,409.75,298.0,13679.15,107169.0,163123.904761904
DBREALTY,NSE:DBREALTY,Consumer Services,113.1,217.29,95.5,6135.068,1922045.0,3095585.09523809
VTL,NSE:VTL,Textiles,537.5,549.9,361.1,15692.57,435322.0,1332075.09523809
VBL,NSE:VBL,Fast Moving Consumer Goods,450.25,568.5,419.55,152278.737325,4555709.0,5703291.04761904
MANYAVAR,NSE:MANYAVAR,Consumer Services,390.0,855.55,387.4,9475.9509,607940.0,213501.38095238
VEDL,NSE:VEDL,Metals & Mining,716.5,769.8,363.0,266962.3021408,12543859.0,15621448.8571428
VENTIVE,NSE:VENTIVE,Consumer Services,692.0,840.0,523.4,16224.14,39349.0,93773.9523809523
VIJAYA,NSE:VIJAYA,Healthcare,999.0,1180.0,813.15,10279.38033,179810.0,93569.4285714285
VMM,NSE:VMM,Consumer Services,117.85,157.6,95.99,54213.0692444,786031801.0,45744289.9047619
IDEA,NSE:IDEA,Telecommunication,10.56,12.8,6.12,114951.9192803,383228221.0,440472483.47619
VOLTAS,NSE:VOLTAS,Consumer Durables,1557.5,1582.5,1190.0,51739.2570712,1650861.0,869524.380952381
WAAREEENER,NSE:WAAREEENER,Capital Goods,2710.0,3865.0,1863.0,77896.2339114,2654339.0,2332202.8095238
WELCORP,NSE:WELCORP,Capital Goods,826.0,994.0,664.3,21781.94214,547138.0,452678.238095238
WELSPUNLIV,NSE:WELSPUNLIV,Textiles,124.99,154.57,104.8,11977.19,1719906.0,6052270.42857142
WHIRLPOOL,NSE:WHIRLPOOL,Consumer Durables,920.0,1473.8,756.85,11678.7441926,381036.0,465129.428571428
WIPRO,NSE:WIPRO,Information Technology,200.98,295.8,199.12,2287.1727894,13288519.0,18184778.7619047
WOCKPHARMA,NSE:WOCKPHARMA,Healthcare,1363.0,1868.8,1110.05,22190.7070629,178938.0,452347.428571428
YESBANK,NSE:YESBANK,Financial Services,20.7,24.3,16.02,65040.0211537,98977180.0,73637522.9523809
ZFCVINDIA,NSE:ZFCVINDIA,Automobile and Auto Components,15100.0,16665.0,10425.0,28641.0458,19500.0,18205.9523809523
ZEEL,NSE:ZEEL,Media Entertainment & Publication,87.95,151.7,78.4,8396.8349649,8404473.0,8284924.80952381
ZENTEC,NSE:ZENTEC,Capital Goods,1357.0,2268.0,984.45,12231.2013501,249950.0,322489.38095238
ZENSARTECH,NSE:ZENSARTECH,Information Technology,562.0,894.0,535.85,12800.01,621112.0,654225.952380952
ZYDUSLIFE,NSE:ZYDUSLIFE,Healthcare,922.85,1059.05,795.0,92860.2099483,1044991.0,800735.380952381
ECLERX,NSE:ECLERX,Services,3174.0,4995.0,2168.0,15031.5897089,149212.0,167906.285714285
